published_date,headline,company,ticker
2025-10-05,"OXY: OXY Corp reports announces share buyback, market reacts negative",OXY Corp,OXY
2025-10-05,COF Corp (COF) announces share buyback — neutral outlook,COF Corp,COF
2025-10-05,ORCL Corp (ORCL) announces share buyback positive,ORCL Corp,ORCL
2025-10-05,RSG Corp (RSG) secures government contract positive,RSG Corp,RSG
2025-10-05,CI Corp (CI) sees supply chain disruption — positive outlook,CI Corp,CI
2025-10-04,UPS Corp (UPS) faces regulatory inquiry — positive outlook,UPS Corp,UPS
2025-10-04,PG Corp (PG) issues guidance cut — negative outlook,PG Corp,PG
2025-10-04,ANET Corp (ANET) reports quarterly results positive,ANET Corp,ANET
2025-10-04,BR Corp (BR) sees supply chain disruption negative,BR Corp,BR
2025-10-04,"DOW: DOW Corp reports receives buyout interest, market reacts negative",DOW Corp,DOW
2025-10-03,ZBRA Corp announces layoffs — analysts say positive,ZBRA Corp,ZBRA
2025-10-03,COST Corp faces regulatory inquiry — analysts say neutral,COST Corp,COST
2025-10-03,"FI: FI Corp reports sees supply chain disruption, market reacts positive",FI Corp,FI
2025-10-03,AMCR Corp (AMCR) faces regulatory inquiry — neutral outlook,AMCR Corp,AMCR
2025-10-03,MCHP Corp (MCHP) announces share buyback — positive outlook,MCHP Corp,MCHP
2025-10-02,Breaking: PNR Corp (PNR) announces layoffs; investors positive,PNR Corp,PNR
2025-10-02,NTAP Corp (NTAP) announces partnership — neutral outlook,NTAP Corp,NTAP
2025-10-02,"HUM: HUM Corp reports faces regulatory inquiry, market reacts positive",HUM Corp,HUM
2025-10-02,LVS Corp (LVS) announces layoffs neutral,LVS Corp,LVS
2025-10-02,EXR Corp (EXR) files patent application neutral,EXR Corp,EXR
2025-10-01,AVGO Corp CEO steps down — analysts say negative,AVGO Corp,AVGO
2025-10-01,Breaking: HAL Corp (HAL) announces layoffs; investors positive,HAL Corp,HAL
2025-10-01,"SMCI: SMCI Corp reports announces share buyback, market reacts negative",SMCI Corp,SMCI
2025-10-01,ALGN Corp (ALGN) announces layoffs — neutral outlook,ALGN Corp,ALGN
2025-10-01,ECL Corp (ECL) receives buyout interest — neutral outlook,ECL Corp,ECL
2025-09-30,Breaking: GEV Corp (GEV) secures government contract; investors neutral,GEV Corp,GEV
2025-09-30,Breaking: CRM Corp (CRM) announces partnership; investors neutral,CRM Corp,CRM
2025-09-30,CF Corp reports quarterly results — analysts say neutral,CF Corp,CF
2025-09-30,"HPE: HPE Corp reports secures government contract, market reacts neutral",HPE Corp,HPE
2025-09-30,BEN Corp (BEN) announces partnership — neutral outlook,BEN Corp,BEN
2025-09-29,LW Corp (LW) announces layoffs positive,LW Corp,LW
2025-09-29,CL Corp (CL) CEO steps down — neutral outlook,CL Corp,CL
2025-09-29,EIX Corp receives buyout interest — analysts say negative,EIX Corp,EIX
2025-09-29,"AVY: AVY Corp reports launches new product, market reacts positive",AVY Corp,AVY
2025-09-29,SW Corp launches new product — analysts say negative,SW Corp,SW
2025-09-28,ES Corp launches new product — analysts say neutral,ES Corp,ES
2025-09-28,PG Corp announces partnership — analysts say neutral,PG Corp,PG
2025-09-28,"MCD: MCD Corp reports sees supply chain disruption, market reacts negative",MCD Corp,MCD
2025-09-28,Breaking: AAPL Corp (AAPL) secures government contract; investors positive,AAPL Corp,AAPL
2025-09-28,KMB Corp (KMB) reports quarterly results positive,KMB Corp,KMB
2025-09-27,SYF Corp (SYF) launches new product neutral,SYF Corp,SYF
2025-09-27,"WFC: WFC Corp reports launches new product, market reacts negative",WFC Corp,WFC
2025-09-27,CVS Corp (CVS) expands into Europe neutral,CVS Corp,CVS
2025-09-27,EOG Corp (EOG) announces layoffs — negative outlook,EOG Corp,EOG
2025-09-27,LYB Corp (LYB) announces partnership positive,LYB Corp,LYB
2025-09-26,"SMCI: SMCI Corp reports files patent application, market reacts negative",SMCI Corp,SMCI
2025-09-26,Breaking: INTC Corp (INTC) secures government contract; investors neutral,INTC Corp,INTC
2025-09-26,CRM Corp (CRM) receives buyout interest — positive outlook,CRM Corp,CRM
2025-09-26,URI Corp (URI) CEO steps down — negative outlook,URI Corp,URI
2025-09-26,ISRG Corp (ISRG) faces regulatory inquiry positive,ISRG Corp,ISRG
2025-09-25,LUV Corp (LUV) beats earnings estimates negative,LUV Corp,LUV
2025-09-25,NXPI Corp (NXPI) expands into Europe — negative outlook,NXPI Corp,NXPI
2025-09-25,INVH Corp announces share buyback — analysts say positive,INVH Corp,INVH
2025-09-25,INTU Corp (INTU) faces regulatory inquiry — positive outlook,INTU Corp,INTU
2025-09-25,CDNS Corp files patent application — analysts say positive,CDNS Corp,CDNS
2025-09-24,BALL Corp (BALL) receives buyout interest positive,BALL Corp,BALL
2025-09-24,FAST Corp announces layoffs — analysts say positive,FAST Corp,FAST
2025-09-24,ISRG Corp issues guidance cut — analysts say negative,ISRG Corp,ISRG
2025-09-24,"HLT: HLT Corp reports beats earnings estimates, market reacts neutral",HLT Corp,HLT
2025-09-24,VLTO Corp sees supply chain disruption — analysts say neutral,VLTO Corp,VLTO
2025-09-23,UPS Corp (UPS) files patent application neutral,UPS Corp,UPS
2025-09-23,ESS Corp (ESS) files patent application positive,ESS Corp,ESS
2025-09-23,WDAY Corp expands into Europe — analysts say negative,WDAY Corp,WDAY
2025-09-23,AVY Corp (AVY) receives buyout interest neutral,AVY Corp,AVY
2025-09-23,KIM Corp (KIM) announces share buyback — positive outlook,KIM Corp,KIM
2025-09-22,GE Corp expands into Europe — analysts say neutral,GE Corp,GE
2025-09-22,OTIS Corp sees supply chain disruption — analysts say neutral,OTIS Corp,OTIS
2025-09-22,UBER Corp (UBER) announces partnership neutral,UBER Corp,UBER
2025-09-22,BDX Corp (BDX) secures government contract neutral,BDX Corp,BDX
2025-09-22,KMI Corp (KMI) CEO steps down — negative outlook,KMI Corp,KMI
2025-09-21,Breaking: FOXA Corp (FOXA) sees supply chain disruption; investors neutral,FOXA Corp,FOXA
2025-09-21,"ADP: ADP Corp reports sees supply chain disruption, market reacts negative",ADP Corp,ADP
2025-09-21,Breaking: TSCO Corp (TSCO) launches new product; investors positive,TSCO Corp,TSCO
2025-09-21,"FAST: FAST Corp reports sees supply chain disruption, market reacts neutral",FAST Corp,FAST
2025-09-21,"WSM: WSM Corp reports announces share buyback, market reacts negative",WSM Corp,WSM
2025-09-20,DPZ Corp (DPZ) receives buyout interest positive,DPZ Corp,DPZ
2025-09-20,ADI Corp reports quarterly results — analysts say neutral,ADI Corp,ADI
2025-09-20,"CPT: CPT Corp reports announces share buyback, market reacts negative",CPT Corp,CPT
2025-09-20,V Corp (V) beats earnings estimates negative,V Corp,V
2025-09-20,EW Corp (EW) secures government contract positive,EW Corp,EW
2025-09-19,Breaking: ETR Corp (ETR) launches new product; investors neutral,ETR Corp,ETR
2025-09-19,AJG Corp (AJG) beats earnings estimates neutral,AJG Corp,AJG
2025-09-19,ATO Corp (ATO) beats earnings estimates — neutral outlook,ATO Corp,ATO
2025-09-19,ULTA Corp (ULTA) receives buyout interest negative,ULTA Corp,ULTA
2025-09-19,GEN Corp (GEN) issues guidance cut neutral,GEN Corp,GEN
2025-09-18,Breaking: CPRT Corp (CPRT) announces partnership; investors negative,CPRT Corp,CPRT
2025-09-18,EQIX Corp files patent application — analysts say positive,EQIX Corp,EQIX
2025-09-18,JBHT Corp faces regulatory inquiry — analysts say neutral,JBHT Corp,JBHT
2025-09-18,"HSY: HSY Corp reports beats earnings estimates, market reacts positive",HSY Corp,HSY
2025-09-18,Breaking: AIZ Corp (AIZ) beats earnings estimates; investors negative,AIZ Corp,AIZ
2025-09-17,MKC Corp announces share buyback — analysts say neutral,MKC Corp,MKC
2025-09-17,DOW Corp issues guidance cut — analysts say neutral,DOW Corp,DOW
2025-09-17,"SLB: SLB Corp reports faces regulatory inquiry, market reacts neutral",SLB Corp,SLB
2025-09-17,CI Corp (CI) announces layoffs — negative outlook,CI Corp,CI
2025-09-17,"FTV: FTV Corp reports issues guidance cut, market reacts neutral",FTV Corp,FTV
2025-09-16,APO Corp (APO) announces share buyback neutral,APO Corp,APO
2025-09-16,BK Corp (BK) issues guidance cut — neutral outlook,BK Corp,BK
2025-09-16,SPGI Corp (SPGI) launches new product — positive outlook,SPGI Corp,SPGI
2025-09-16,Breaking: MTD Corp (MTD) receives buyout interest; investors neutral,MTD Corp,MTD
2025-09-16,ROP Corp faces regulatory inquiry — analysts say negative,ROP Corp,ROP
2025-09-15,PAYX Corp (PAYX) expands into Europe positive,PAYX Corp,PAYX
2025-09-15,Breaking: CCL Corp (CCL) sees supply chain disruption; investors negative,CCL Corp,CCL
2025-09-15,"MTCH: MTCH Corp reports secures government contract, market reacts positive",MTCH Corp,MTCH
2025-09-15,Breaking: ALGN Corp (ALGN) announces share buyback; investors positive,ALGN Corp,ALGN
2025-09-15,NXPI Corp (NXPI) beats earnings estimates — positive outlook,NXPI Corp,NXPI
2025-09-14,Breaking: GD Corp (GD) reports quarterly results; investors neutral,GD Corp,GD
2025-09-14,ALLE Corp beats earnings estimates — analysts say negative,ALLE Corp,ALLE
2025-09-14,PANW Corp (PANW) sees supply chain disruption — negative outlook,PANW Corp,PANW
2025-09-14,Breaking: UNH Corp (UNH) announces share buyback; investors neutral,UNH Corp,UNH
2025-09-14,"PFG: PFG Corp reports announces partnership, market reacts neutral",PFG Corp,PFG
2025-09-13,"MCK: MCK Corp reports launches new product, market reacts neutral",MCK Corp,MCK
2025-09-13,LUV Corp expands into Europe — analysts say positive,LUV Corp,LUV
2025-09-13,FTV Corp (FTV) faces regulatory inquiry — neutral outlook,FTV Corp,FTV
2025-09-13,Breaking: EBAY Corp (EBAY) launches new product; investors neutral,EBAY Corp,EBAY
2025-09-13,"PFE: PFE Corp reports faces regulatory inquiry, market reacts positive",PFE Corp,PFE
2025-09-12,Breaking: ESS Corp (ESS) faces regulatory inquiry; investors positive,ESS Corp,ESS
2025-09-12,VRTX Corp (VRTX) files patent application — positive outlook,VRTX Corp,VRTX
2025-09-12,"COR: COR Corp reports reports quarterly results, market reacts positive",COR Corp,COR
2025-09-12,Breaking: TPL Corp (TPL) beats earnings estimates; investors positive,TPL Corp,TPL
2025-09-12,Breaking: AIZ Corp (AIZ) beats earnings estimates; investors neutral,AIZ Corp,AIZ
2025-09-11,"PEG: PEG Corp reports faces regulatory inquiry, market reacts negative",PEG Corp,PEG
2025-09-11,HOLX Corp (HOLX) reports quarterly results — positive outlook,HOLX Corp,HOLX
2025-09-11,NUE Corp receives buyout interest — analysts say neutral,NUE Corp,NUE
2025-09-11,Breaking: FOX Corp (FOX) CEO steps down; investors neutral,FOX Corp,FOX
2025-09-11,Breaking: BG Corp (BG) announces layoffs; investors negative,BG Corp,BG
2025-09-10,GNRC Corp expands into Europe — analysts say positive,GNRC Corp,GNRC
2025-09-10,"BEN: BEN Corp reports sees supply chain disruption, market reacts positive",BEN Corp,BEN
2025-09-10,"CVX: CVX Corp reports faces regulatory inquiry, market reacts positive",CVX Corp,CVX
2025-09-10,"TSLA: TSLA Corp reports announces share buyback, market reacts neutral",TSLA Corp,TSLA
2025-09-10,Breaking: VMC Corp (VMC) announces layoffs; investors negative,VMC Corp,VMC
2025-09-09,HSY Corp (HSY) expands into Europe negative,HSY Corp,HSY
2025-09-09,CRM Corp secures government contract — analysts say neutral,CRM Corp,CRM
2025-09-09,MO Corp (MO) beats earnings estimates — positive outlook,MO Corp,MO
2025-09-09,Breaking: CRL Corp (CRL) faces regulatory inquiry; investors neutral,CRL Corp,CRL
2025-09-09,PODD Corp (PODD) announces partnership neutral,PODD Corp,PODD
2025-09-08,FDX Corp (FDX) receives buyout interest — neutral outlook,FDX Corp,FDX
2025-09-08,FIS Corp files patent application — analysts say negative,FIS Corp,FIS
2025-09-08,HSY Corp (HSY) sees supply chain disruption — neutral outlook,HSY Corp,HSY
2025-09-08,Breaking: ROST Corp (ROST) faces regulatory inquiry; investors positive,ROST Corp,ROST
2025-09-08,ZBH Corp announces partnership — analysts say positive,ZBH Corp,ZBH
2025-09-07,CTAS Corp (CTAS) faces regulatory inquiry — neutral outlook,CTAS Corp,CTAS
2025-09-07,VTR Corp (VTR) beats earnings estimates negative,VTR Corp,VTR
2025-09-07,BRO Corp launches new product — analysts say positive,BRO Corp,BRO
2025-09-07,"VTR: VTR Corp reports secures government contract, market reacts negative",VTR Corp,VTR
2025-09-07,LYB Corp (LYB) expands into Europe negative,LYB Corp,LYB
2025-09-06,Breaking: GNRC Corp (GNRC) files patent application; investors negative,GNRC Corp,GNRC
2025-09-06,CB Corp (CB) expands into Europe — neutral outlook,CB Corp,CB
2025-09-06,Breaking: BK Corp (BK) faces regulatory inquiry; investors positive,BK Corp,BK
2025-09-06,Breaking: XYL Corp (XYL) expands into Europe; investors negative,XYL Corp,XYL
2025-09-06,SRE Corp (SRE) announces partnership — negative outlook,SRE Corp,SRE
2025-09-05,DLTR Corp (DLTR) secures government contract — neutral outlook,DLTR Corp,DLTR
2025-09-05,Breaking: ERIE Corp (ERIE) launches new product; investors negative,ERIE Corp,ERIE
2025-09-05,Breaking: MDT Corp (MDT) expands into Europe; investors neutral,MDT Corp,MDT
2025-09-05,INCY Corp beats earnings estimates — analysts say positive,INCY Corp,INCY
2025-09-05,ABT Corp announces partnership — analysts say positive,ABT Corp,ABT
2025-09-04,TPL Corp (TPL) sees supply chain disruption negative,TPL Corp,TPL
2025-09-04,KHC Corp (KHC) announces partnership — neutral outlook,KHC Corp,KHC
2025-09-04,CTRA Corp (CTRA) announces share buyback neutral,CTRA Corp,CTRA
2025-09-04,MGM Corp (MGM) reports quarterly results neutral,MGM Corp,MGM
2025-09-04,XEL Corp (XEL) announces partnership — positive outlook,XEL Corp,XEL
2025-09-03,IVZ Corp (IVZ) announces layoffs positive,IVZ Corp,IVZ
2025-09-03,"T: T Corp reports expands into Europe, market reacts positive",T Corp,T
2025-09-03,PLTR Corp (PLTR) announces partnership — positive outlook,PLTR Corp,PLTR
2025-09-03,"HWM: HWM Corp reports issues guidance cut, market reacts positive",HWM Corp,HWM
2025-09-03,A Corp expands into Europe — analysts say neutral,A Corp,A
2025-09-02,IFF Corp (IFF) CEO steps down negative,IFF Corp,IFF
2025-09-02,Breaking: ALLE Corp (ALLE) secures government contract; investors neutral,ALLE Corp,ALLE
2025-09-02,VLO Corp (VLO) files patent application neutral,VLO Corp,VLO
2025-09-02,Breaking: CF Corp (CF) launches new product; investors negative,CF Corp,CF
2025-09-02,LYV Corp faces regulatory inquiry — analysts say positive,LYV Corp,LYV
2025-09-01,FANG Corp (FANG) secures government contract negative,FANG Corp,FANG
2025-09-01,MMC Corp (MMC) expands into Europe — neutral outlook,MMC Corp,MMC
2025-09-01,"GNRC: GNRC Corp reports CEO steps down, market reacts negative",GNRC Corp,GNRC
2025-09-01,Breaking: PWR Corp (PWR) files patent application; investors positive,PWR Corp,PWR
2025-09-01,Breaking: HII Corp (HII) announces partnership; investors neutral,HII Corp,HII
2025-08-31,DD Corp (DD) CEO steps down neutral,DD Corp,DD
2025-08-31,Breaking: PHM Corp (PHM) announces partnership; investors negative,PHM Corp,PHM
2025-08-31,RF Corp sees supply chain disruption — analysts say neutral,RF Corp,RF
2025-08-31,"LLY: LLY Corp reports announces layoffs, market reacts positive",LLY Corp,LLY
2025-08-31,Breaking: FCX Corp (FCX) faces regulatory inquiry; investors neutral,FCX Corp,FCX
2025-08-30,ARE Corp (ARE) announces layoffs — positive outlook,ARE Corp,ARE
2025-08-30,Breaking: VST Corp (VST) faces regulatory inquiry; investors neutral,VST Corp,VST
2025-08-30,TAP Corp receives buyout interest — analysts say positive,TAP Corp,TAP
2025-08-30,APH Corp (APH) launches new product positive,APH Corp,APH
2025-08-30,"LYB: LYB Corp reports receives buyout interest, market reacts neutral",LYB Corp,LYB
2025-08-29,J Corp secures government contract — analysts say neutral,J Corp,J
2025-08-29,FOXA Corp secures government contract — analysts say positive,FOXA Corp,FOXA
2025-08-29,"BG: BG Corp reports receives buyout interest, market reacts positive",BG Corp,BG
2025-08-29,INVH Corp (INVH) expands into Europe — positive outlook,INVH Corp,INVH
2025-08-29,Breaking: ROL Corp (ROL) receives buyout interest; investors negative,ROL Corp,ROL
2025-08-28,Breaking: NCLH Corp (NCLH) beats earnings estimates; investors negative,NCLH Corp,NCLH
2025-08-28,"GPC: GPC Corp reports expands into Europe, market reacts positive",GPC Corp,GPC
2025-08-28,GPN Corp CEO steps down — analysts say negative,GPN Corp,GPN
2025-08-28,VST Corp expands into Europe — analysts say neutral,VST Corp,VST
2025-08-28,HSIC Corp (HSIC) CEO steps down — neutral outlook,HSIC Corp,HSIC
2025-08-27,"GEV: GEV Corp reports faces regulatory inquiry, market reacts positive",GEV Corp,GEV
2025-08-27,GLW Corp (GLW) files patent application — negative outlook,GLW Corp,GLW
2025-08-27,Breaking: CHTR Corp (CHTR) files patent application; investors positive,CHTR Corp,CHTR
2025-08-27,EOG Corp (EOG) announces partnership positive,EOG Corp,EOG
2025-08-27,JCI Corp (JCI) expands into Europe — positive outlook,JCI Corp,JCI
2025-08-26,Breaking: K Corp (K) reports quarterly results; investors neutral,K Corp,K
2025-08-26,Breaking: CARR Corp (CARR) reports quarterly results; investors positive,CARR Corp,CARR
2025-08-26,IT Corp (IT) CEO steps down negative,IT Corp,IT
2025-08-26,"FOX: FOX Corp reports issues guidance cut, market reacts neutral",FOX Corp,FOX
2025-08-26,GM Corp (GM) CEO steps down — negative outlook,GM Corp,GM
2025-08-25,NWS Corp faces regulatory inquiry — analysts say neutral,NWS Corp,NWS
2025-08-25,ES Corp (ES) announces partnership negative,ES Corp,ES
2025-08-25,TMUS Corp (TMUS) files patent application — negative outlook,TMUS Corp,TMUS
2025-08-25,DIS Corp (DIS) faces regulatory inquiry positive,DIS Corp,DIS
2025-08-25,BKR Corp launches new product — analysts say positive,BKR Corp,BKR
2025-08-24,Breaking: GILD Corp (GILD) files patent application; investors neutral,GILD Corp,GILD
2025-08-24,BALL Corp (BALL) reports quarterly results positive,BALL Corp,BALL
2025-08-24,NCLH Corp issues guidance cut — analysts say positive,NCLH Corp,NCLH
2025-08-24,"GEV: GEV Corp reports announces share buyback, market reacts negative",GEV Corp,GEV
2025-08-24,CAT Corp (CAT) beats earnings estimates positive,CAT Corp,CAT
2025-08-23,Breaking: PSA Corp (PSA) announces share buyback; investors neutral,PSA Corp,PSA
2025-08-23,NVDA Corp (NVDA) sees supply chain disruption — positive outlook,NVDA Corp,NVDA
2025-08-23,BX Corp (BX) expands into Europe — neutral outlook,BX Corp,BX
2025-08-23,"CNP: CNP Corp reports sees supply chain disruption, market reacts positive",CNP Corp,CNP
2025-08-23,"AME: AME Corp reports announces share buyback, market reacts negative",AME Corp,AME
2025-08-22,Breaking: UDR Corp (UDR) secures government contract; investors neutral,UDR Corp,UDR
2025-08-22,FICO Corp (FICO) sees supply chain disruption negative,FICO Corp,FICO
2025-08-22,Breaking: HSY Corp (HSY) sees supply chain disruption; investors neutral,HSY Corp,HSY
2025-08-22,SWK Corp issues guidance cut — analysts say neutral,SWK Corp,SWK
2025-08-22,PAYC Corp launches new product — analysts say positive,PAYC Corp,PAYC
2025-08-21,Breaking: TSCO Corp (TSCO) CEO steps down; investors neutral,TSCO Corp,TSCO
2025-08-21,"DOW: DOW Corp reports reports quarterly results, market reacts positive",DOW Corp,DOW
2025-08-21,KHC Corp (KHC) announces layoffs — positive outlook,KHC Corp,KHC
2025-08-21,TMUS Corp (TMUS) announces layoffs negative,TMUS Corp,TMUS
2025-08-21,"SNPS: SNPS Corp reports beats earnings estimates, market reacts positive",SNPS Corp,SNPS
2025-08-20,AMT Corp (AMT) beats earnings estimates — positive outlook,AMT Corp,AMT
2025-08-20,UNH Corp (UNH) CEO steps down neutral,UNH Corp,UNH
2025-08-20,AMD Corp (AMD) announces layoffs — negative outlook,AMD Corp,AMD
2025-08-20,IT Corp beats earnings estimates — analysts say neutral,IT Corp,IT
2025-08-20,Breaking: TSN Corp (TSN) expands into Europe; investors negative,TSN Corp,TSN
2025-08-19,PSKY Corp announces partnership — analysts say negative,PSKY Corp,PSKY
2025-08-19,PSX Corp (PSX) announces share buyback — positive outlook,PSX Corp,PSX
2025-08-19,SYF Corp (SYF) CEO steps down — positive outlook,SYF Corp,SYF
2025-08-19,APH Corp (APH) issues guidance cut — negative outlook,APH Corp,APH
2025-08-19,EXPE Corp (EXPE) files patent application positive,EXPE Corp,EXPE
2025-08-18,Breaking: BX Corp (BX) expands into Europe; investors positive,BX Corp,BX
2025-08-18,L Corp (L) announces share buyback neutral,L Corp,L
2025-08-18,EVRG Corp launches new product — analysts say neutral,EVRG Corp,EVRG
2025-08-18,RSG Corp (RSG) reports quarterly results negative,RSG Corp,RSG
2025-08-18,"GOOG: GOOG Corp reports announces partnership, market reacts neutral",GOOG Corp,GOOG
2025-08-17,Breaking: HWM Corp (HWM) announces partnership; investors neutral,HWM Corp,HWM
2025-08-17,Breaking: DPZ Corp (DPZ) sees supply chain disruption; investors positive,DPZ Corp,DPZ
2025-08-17,COF Corp announces layoffs — analysts say negative,COF Corp,COF
2025-08-17,"COP: COP Corp reports beats earnings estimates, market reacts neutral",COP Corp,COP
2025-08-17,Breaking: SWK Corp (SWK) files patent application; investors negative,SWK Corp,SWK
2025-08-16,Breaking: AMZN Corp (AMZN) launches new product; investors positive,AMZN Corp,AMZN
2025-08-16,DIS Corp (DIS) files patent application negative,DIS Corp,DIS
2025-08-16,ADBE Corp sees supply chain disruption — analysts say positive,ADBE Corp,ADBE
2025-08-16,CRWD Corp launches new product — analysts say positive,CRWD Corp,CRWD
2025-08-16,USB Corp expands into Europe — analysts say positive,USB Corp,USB
2025-08-15,AIZ Corp (AIZ) announces layoffs negative,AIZ Corp,AIZ
2025-08-15,Breaking: KVUE Corp (KVUE) issues guidance cut; investors neutral,KVUE Corp,KVUE
2025-08-15,Breaking: SPGI Corp (SPGI) announces layoffs; investors neutral,SPGI Corp,SPGI
2025-08-15,"TTD: TTD Corp reports issues guidance cut, market reacts neutral",TTD Corp,TTD
2025-08-15,"EXE: EXE Corp reports launches new product, market reacts positive",EXE Corp,EXE
2025-08-14,PAYC Corp (PAYC) issues guidance cut — neutral outlook,PAYC Corp,PAYC
2025-08-14,Breaking: INTU Corp (INTU) beats earnings estimates; investors neutral,INTU Corp,INTU
2025-08-14,MA Corp (MA) announces partnership — positive outlook,MA Corp,MA
2025-08-14,Breaking: URI Corp (URI) files patent application; investors positive,URI Corp,URI
2025-08-14,"CZR: CZR Corp reports announces layoffs, market reacts negative",CZR Corp,CZR
2025-08-13,HUBB Corp (HUBB) beats earnings estimates negative,HUBB Corp,HUBB
2025-08-13,UDR Corp (UDR) beats earnings estimates — negative outlook,UDR Corp,UDR
2025-08-13,ODFL Corp files patent application — analysts say negative,ODFL Corp,ODFL
2025-08-13,Breaking: GPC Corp (GPC) faces regulatory inquiry; investors positive,GPC Corp,GPC
2025-08-13,KMB Corp (KMB) launches new product — positive outlook,KMB Corp,KMB
2025-08-12,OXY Corp (OXY) files patent application neutral,OXY Corp,OXY
2025-08-12,PAYX Corp (PAYX) reports quarterly results neutral,PAYX Corp,PAYX
2025-08-12,Breaking: PH Corp (PH) reports quarterly results; investors neutral,PH Corp,PH
2025-08-12,Breaking: PSKY Corp (PSKY) CEO steps down; investors negative,PSKY Corp,PSKY
2025-08-12,"AJG: AJG Corp reports faces regulatory inquiry, market reacts neutral",AJG Corp,AJG
2025-08-11,KO Corp files patent application — analysts say positive,KO Corp,KO
2025-08-11,KHC Corp files patent application — analysts say negative,KHC Corp,KHC
2025-08-11,STX Corp faces regulatory inquiry — analysts say neutral,STX Corp,STX
2025-08-11,Breaking: BA Corp (BA) receives buyout interest; investors neutral,BA Corp,BA
2025-08-11,ORCL Corp issues guidance cut — analysts say neutral,ORCL Corp,ORCL
2025-08-10,SNPS Corp (SNPS) CEO steps down positive,SNPS Corp,SNPS
2025-08-10,COF Corp (COF) announces layoffs — negative outlook,COF Corp,COF
2025-08-10,"WBD: WBD Corp reports announces partnership, market reacts neutral",WBD Corp,WBD
2025-08-10,GM Corp (GM) reports quarterly results negative,GM Corp,GM
2025-08-10,"COR: COR Corp reports announces partnership, market reacts negative",COR Corp,COR
2025-08-09,TJX Corp (TJX) issues guidance cut — positive outlook,TJX Corp,TJX
2025-08-09,Breaking: DASH Corp (DASH) beats earnings estimates; investors positive,DASH Corp,DASH
2025-08-09,GEN Corp (GEN) issues guidance cut neutral,GEN Corp,GEN
2025-08-09,"MMC: MMC Corp reports sees supply chain disruption, market reacts positive",MMC Corp,MMC
2025-08-09,SO Corp (SO) expands into Europe — neutral outlook,SO Corp,SO
2025-08-08,Breaking: MA Corp (MA) files patent application; investors positive,MA Corp,MA
2025-08-08,CSGP Corp receives buyout interest — analysts say neutral,CSGP Corp,CSGP
2025-08-08,"WDC: WDC Corp reports expands into Europe, market reacts positive",WDC Corp,WDC
2025-08-08,"HUBB: HUBB Corp reports faces regulatory inquiry, market reacts positive",HUBB Corp,HUBB
2025-08-08,"STZ: STZ Corp reports CEO steps down, market reacts negative",STZ Corp,STZ
2025-08-07,"FAST: FAST Corp reports faces regulatory inquiry, market reacts negative",FAST Corp,FAST
2025-08-07,Breaking: MKC Corp (MKC) announces layoffs; investors negative,MKC Corp,MKC
2025-08-07,CCL Corp (CCL) launches new product negative,CCL Corp,CCL
2025-08-07,"RL: RL Corp reports files patent application, market reacts positive",RL Corp,RL
2025-08-07,Breaking: GS Corp (GS) expands into Europe; investors positive,GS Corp,GS
2025-08-06,TRMB Corp announces share buyback — analysts say positive,TRMB Corp,TRMB
2025-08-06,GL Corp (GL) announces partnership negative,GL Corp,GL
2025-08-06,ED Corp (ED) receives buyout interest positive,ED Corp,ED
2025-08-06,HST Corp sees supply chain disruption — analysts say positive,HST Corp,HST
2025-08-06,ACN Corp launches new product — analysts say positive,ACN Corp,ACN
2025-08-05,Breaking: FE Corp (FE) faces regulatory inquiry; investors positive,FE Corp,FE
2025-08-05,CSCO Corp (CSCO) secures government contract — positive outlook,CSCO Corp,CSCO
2025-08-05,HBAN Corp (HBAN) expands into Europe — positive outlook,HBAN Corp,HBAN
2025-08-05,Breaking: NOC Corp (NOC) receives buyout interest; investors negative,NOC Corp,NOC
2025-08-05,"ISRG: ISRG Corp reports announces share buyback, market reacts neutral",ISRG Corp,ISRG
2025-08-04,EVRG Corp (EVRG) faces regulatory inquiry — negative outlook,EVRG Corp,EVRG
2025-08-04,"RCL: RCL Corp reports CEO steps down, market reacts negative",RCL Corp,RCL
2025-08-04,PNW Corp (PNW) beats earnings estimates positive,PNW Corp,PNW
2025-08-04,SYK Corp expands into Europe — analysts say neutral,SYK Corp,SYK
2025-08-04,HRL Corp announces partnership — analysts say neutral,HRL Corp,HRL
2025-08-03,Breaking: LNT Corp (LNT) sees supply chain disruption; investors positive,LNT Corp,LNT
2025-08-03,"LW: LW Corp reports expands into Europe, market reacts negative",LW Corp,LW
2025-08-03,BA Corp (BA) sees supply chain disruption negative,BA Corp,BA
2025-08-03,MO Corp files patent application — analysts say positive,MO Corp,MO
2025-08-03,Breaking: DASH Corp (DASH) receives buyout interest; investors negative,DASH Corp,DASH
2025-08-02,"JBL: JBL Corp reports beats earnings estimates, market reacts positive",JBL Corp,JBL
2025-08-02,"GNRC: GNRC Corp reports announces layoffs, market reacts neutral",GNRC Corp,GNRC
2025-08-02,Breaking: FCX Corp (FCX) beats earnings estimates; investors neutral,FCX Corp,FCX
2025-08-02,XYL Corp receives buyout interest — analysts say neutral,XYL Corp,XYL
2025-08-02,MS Corp announces layoffs — analysts say neutral,MS Corp,MS
2025-08-01,RL Corp (RL) sees supply chain disruption — positive outlook,RL Corp,RL
2025-08-01,BSX Corp (BSX) issues guidance cut — neutral outlook,BSX Corp,BSX
2025-08-01,COF Corp (COF) reports quarterly results — neutral outlook,COF Corp,COF
2025-08-01,T Corp (T) issues guidance cut neutral,T Corp,T
2025-08-01,ETN Corp (ETN) faces regulatory inquiry — positive outlook,ETN Corp,ETN
2025-07-31,Breaking: SPGI Corp (SPGI) beats earnings estimates; investors positive,SPGI Corp,SPGI
2025-07-31,BX Corp secures government contract — analysts say neutral,BX Corp,BX
2025-07-31,ERIE Corp (ERIE) beats earnings estimates negative,ERIE Corp,ERIE
2025-07-31,CBRE Corp reports quarterly results — analysts say negative,CBRE Corp,CBRE
2025-07-31,KR Corp (KR) announces share buyback — neutral outlook,KR Corp,KR
2025-07-30,WY Corp (WY) secures government contract positive,WY Corp,WY
2025-07-30,ALB Corp (ALB) files patent application positive,ALB Corp,ALB
2025-07-30,HST Corp files patent application — analysts say positive,HST Corp,HST
2025-07-30,Breaking: CNP Corp (CNP) secures government contract; investors positive,CNP Corp,CNP
2025-07-30,DHI Corp (DHI) expands into Europe negative,DHI Corp,DHI
2025-07-29,Breaking: TRMB Corp (TRMB) expands into Europe; investors positive,TRMB Corp,TRMB
2025-07-29,DECK Corp (DECK) expands into Europe — neutral outlook,DECK Corp,DECK
2025-07-29,DOW Corp (DOW) issues guidance cut — negative outlook,DOW Corp,DOW
2025-07-29,MRNA Corp (MRNA) reports quarterly results neutral,MRNA Corp,MRNA
2025-07-29,CMS Corp announces layoffs — analysts say neutral,CMS Corp,CMS
2025-07-28,Breaking: ADM Corp (ADM) receives buyout interest; investors neutral,ADM Corp,ADM
2025-07-28,"MAS: MAS Corp reports files patent application, market reacts negative",MAS Corp,MAS
2025-07-28,Breaking: TMO Corp (TMO) CEO steps down; investors neutral,TMO Corp,TMO
2025-07-28,"RCL: RCL Corp reports announces partnership, market reacts negative",RCL Corp,RCL
2025-07-28,WFC Corp (WFC) beats earnings estimates positive,WFC Corp,WFC
2025-07-27,NFLX Corp (NFLX) CEO steps down positive,NFLX Corp,NFLX
2025-07-27,Breaking: ETR Corp (ETR) reports quarterly results; investors positive,ETR Corp,ETR
2025-07-27,"MU: MU Corp reports announces share buyback, market reacts positive",MU Corp,MU
2025-07-27,"CF: CF Corp reports issues guidance cut, market reacts positive",CF Corp,CF
2025-07-27,AMCR Corp (AMCR) receives buyout interest — neutral outlook,AMCR Corp,AMCR
2025-07-26,SLB Corp (SLB) beats earnings estimates — negative outlook,SLB Corp,SLB
2025-07-26,CMG Corp secures government contract — analysts say negative,CMG Corp,CMG
2025-07-26,PPL Corp (PPL) files patent application positive,PPL Corp,PPL
2025-07-26,"NKE: NKE Corp reports beats earnings estimates, market reacts positive",NKE Corp,NKE
2025-07-26,DECK Corp (DECK) beats earnings estimates — neutral outlook,DECK Corp,DECK
2025-07-25,LH Corp (LH) announces layoffs — negative outlook,LH Corp,LH
2025-07-25,BLK Corp (BLK) announces partnership — positive outlook,BLK Corp,BLK
2025-07-25,MSFT Corp (MSFT) beats earnings estimates negative,MSFT Corp,MSFT
2025-07-25,CFG Corp (CFG) sees supply chain disruption neutral,CFG Corp,CFG
2025-07-25,OXY Corp (OXY) receives buyout interest positive,OXY Corp,OXY
2025-07-24,"ODFL: ODFL Corp reports files patent application, market reacts positive",ODFL Corp,ODFL
2025-07-24,"ACGL: ACGL Corp reports beats earnings estimates, market reacts neutral",ACGL Corp,ACGL
2025-07-24,PHM Corp issues guidance cut — analysts say neutral,PHM Corp,PHM
2025-07-24,"DOV: DOV Corp reports launches new product, market reacts negative",DOV Corp,DOV
2025-07-24,SYF Corp secures government contract — analysts say neutral,SYF Corp,SYF
2025-07-23,Breaking: LDOS Corp (LDOS) reports quarterly results; investors positive,LDOS Corp,LDOS
2025-07-23,INTC Corp announces layoffs — analysts say negative,INTC Corp,INTC
2025-07-23,EIX Corp files patent application — analysts say negative,EIX Corp,EIX
2025-07-23,BKNG Corp (BKNG) reports quarterly results — negative outlook,BKNG Corp,BKNG
2025-07-23,TAP Corp issues guidance cut — analysts say neutral,TAP Corp,TAP
2025-07-22,AMAT Corp (AMAT) issues guidance cut negative,AMAT Corp,AMAT
2025-07-22,"QCOM: QCOM Corp reports announces partnership, market reacts neutral",QCOM Corp,QCOM
2025-07-22,"BIIB: BIIB Corp reports secures government contract, market reacts negative",BIIB Corp,BIIB
2025-07-22,KO Corp issues guidance cut — analysts say neutral,KO Corp,KO
2025-07-22,"DAL: DAL Corp reports CEO steps down, market reacts positive",DAL Corp,DAL
2025-07-21,"BK: BK Corp reports announces share buyback, market reacts neutral",BK Corp,BK
2025-07-21,BG Corp (BG) faces regulatory inquiry negative,BG Corp,BG
2025-07-21,RMD Corp announces layoffs — analysts say negative,RMD Corp,RMD
2025-07-21,"LYV: LYV Corp reports launches new product, market reacts positive",LYV Corp,LYV
2025-07-21,AEE Corp (AEE) beats earnings estimates negative,AEE Corp,AEE
2025-07-20,"DELL: DELL Corp reports reports quarterly results, market reacts neutral",DELL Corp,DELL
2025-07-20,"AOS: AOS Corp reports announces partnership, market reacts positive",AOS Corp,AOS
2025-07-20,GS Corp (GS) expands into Europe — negative outlook,GS Corp,GS
2025-07-20,Breaking: EL Corp (EL) faces regulatory inquiry; investors neutral,EL Corp,EL
2025-07-20,EPAM Corp announces layoffs — analysts say neutral,EPAM Corp,EPAM
2025-07-19,BLK Corp (BLK) announces partnership positive,BLK Corp,BLK
2025-07-19,Breaking: IP Corp (IP) expands into Europe; investors neutral,IP Corp,IP
2025-07-19,EG Corp (EG) reports quarterly results positive,EG Corp,EG
2025-07-19,TXN Corp (TXN) faces regulatory inquiry — neutral outlook,TXN Corp,TXN
2025-07-19,WSM Corp faces regulatory inquiry — analysts say positive,WSM Corp,WSM
2025-07-18,Breaking: MNST Corp (MNST) issues guidance cut; investors negative,MNST Corp,MNST
2025-07-18,ADI Corp (ADI) beats earnings estimates negative,ADI Corp,ADI
2025-07-18,Breaking: CDW Corp (CDW) announces share buyback; investors neutral,CDW Corp,CDW
2025-07-18,STE Corp (STE) announces partnership — neutral outlook,STE Corp,STE
2025-07-18,"MS: MS Corp reports issues guidance cut, market reacts negative",MS Corp,MS
2025-07-17,D Corp (D) announces layoffs positive,D Corp,D
2025-07-17,CPRT Corp (CPRT) faces regulatory inquiry — negative outlook,CPRT Corp,CPRT
2025-07-17,Breaking: CBOE Corp (CBOE) announces partnership; investors neutral,CBOE Corp,CBOE
2025-07-17,"CPAY: CPAY Corp reports receives buyout interest, market reacts neutral",CPAY Corp,CPAY
2025-07-17,UHS Corp (UHS) reports quarterly results negative,UHS Corp,UHS
2025-07-16,CB Corp (CB) beats earnings estimates — negative outlook,CB Corp,CB
2025-07-16,Breaking: UDR Corp (UDR) reports quarterly results; investors positive,UDR Corp,UDR
2025-07-16,Breaking: MRK Corp (MRK) expands into Europe; investors neutral,MRK Corp,MRK
2025-07-16,IRM Corp (IRM) announces layoffs positive,IRM Corp,IRM
2025-07-16,AMZN Corp issues guidance cut — analysts say neutral,AMZN Corp,AMZN
2025-07-15,IFF Corp (IFF) announces layoffs — positive outlook,IFF Corp,IFF
2025-07-15,PPL Corp faces regulatory inquiry — analysts say neutral,PPL Corp,PPL
2025-07-15,Breaking: ENPH Corp (ENPH) reports quarterly results; investors neutral,ENPH Corp,ENPH
2025-07-15,ANET Corp files patent application — analysts say negative,ANET Corp,ANET
2025-07-15,MSCI Corp issues guidance cut — analysts say negative,MSCI Corp,MSCI
2025-07-14,ROST Corp (ROST) sees supply chain disruption — neutral outlook,ROST Corp,ROST
2025-07-14,BA Corp sees supply chain disruption — analysts say neutral,BA Corp,BA
2025-07-14,IR Corp (IR) receives buyout interest — negative outlook,IR Corp,IR
2025-07-14,"NSC: NSC Corp reports issues guidance cut, market reacts positive",NSC Corp,NSC
2025-07-14,"GOOGL: GOOGL Corp reports reports quarterly results, market reacts positive",GOOGL Corp,GOOGL
2025-07-13,FIS Corp CEO steps down — analysts say neutral,FIS Corp,FIS
2025-07-13,Breaking: PKG Corp (PKG) faces regulatory inquiry; investors positive,PKG Corp,PKG
2025-07-13,Breaking: CPAY Corp (CPAY) announces layoffs; investors positive,CPAY Corp,CPAY
2025-07-13,MAR Corp issues guidance cut — analysts say neutral,MAR Corp,MAR
2025-07-13,"ALB: ALB Corp reports beats earnings estimates, market reacts positive",ALB Corp,ALB
2025-07-12,KVUE Corp (KVUE) announces share buyback — neutral outlook,KVUE Corp,KVUE
2025-07-12,DELL Corp (DELL) beats earnings estimates positive,DELL Corp,DELL
2025-07-12,ELV Corp (ELV) receives buyout interest positive,ELV Corp,ELV
2025-07-12,REGN Corp (REGN) announces layoffs — positive outlook,REGN Corp,REGN
2025-07-12,DUK Corp (DUK) faces regulatory inquiry positive,DUK Corp,DUK
2025-07-11,FE Corp announces layoffs — analysts say positive,FE Corp,FE
2025-07-11,TAP Corp (TAP) faces regulatory inquiry neutral,TAP Corp,TAP
2025-07-11,NEM Corp (NEM) secures government contract — positive outlook,NEM Corp,NEM
2025-07-11,UNH Corp (UNH) CEO steps down — positive outlook,UNH Corp,UNH
2025-07-11,Breaking: LVS Corp (LVS) files patent application; investors negative,LVS Corp,LVS
2025-07-10,EQIX Corp (EQIX) launches new product negative,EQIX Corp,EQIX
2025-07-10,GOOGL Corp (GOOGL) secures government contract — negative outlook,GOOGL Corp,GOOGL
2025-07-10,SPG Corp (SPG) beats earnings estimates — negative outlook,SPG Corp,SPG
2025-07-10,Breaking: DASH Corp (DASH) announces partnership; investors positive,DASH Corp,DASH
2025-07-10,NUE Corp (NUE) launches new product — positive outlook,NUE Corp,NUE
2025-07-09,EXPD Corp (EXPD) announces share buyback negative,EXPD Corp,EXPD
2025-07-09,CF Corp beats earnings estimates — analysts say neutral,CF Corp,CF
2025-07-09,AXON Corp (AXON) announces layoffs neutral,AXON Corp,AXON
2025-07-09,ETN Corp (ETN) launches new product negative,ETN Corp,ETN
2025-07-09,"ITW: ITW Corp reports beats earnings estimates, market reacts neutral",ITW Corp,ITW
2025-07-08,ROK Corp (ROK) CEO steps down — positive outlook,ROK Corp,ROK
2025-07-08,DAY Corp (DAY) announces share buyback — neutral outlook,DAY Corp,DAY
2025-07-08,DELL Corp (DELL) receives buyout interest positive,DELL Corp,DELL
2025-07-08,Breaking: SWK Corp (SWK) launches new product; investors neutral,SWK Corp,SWK
2025-07-08,AEP Corp (AEP) announces share buyback negative,AEP Corp,AEP
